capability_area,family,method,path,domain,action,radius,recoverability,outward_facing
help_center,Article Attachments,POST,/api/v2/help_center/articles/attachments,hc,write,record,reversible,
help_center,Article Attachments,DELETE,/api/v2/help_center/articles/attachments/{article_attachment_id},hc,delete,record,recoverable-with-effort,
help_center,Article Attachments,GET,/api/v2/help_center/articles/attachments/{article_attachment_id},hc,read,record,n/a,
help_center,Article Attachments,GET,/api/v2/help_center/articles/{article_id}/attachments,hc,read,record,n/a,
help_center,Article Attachments,POST,/api/v2/help_center/articles/{article_id}/attachments,hc,write,record,reversible,
help_center,Article Attachments,GET,/api/v2/help_center/articles/{article_id}/attachments/block,hc,read,record,n/a,
help_center,Article Attachments,GET,/api/v2/help_center/articles/{article_id}/attachments/inline,hc,read,record,n/a,
help_center,Article Attachments,GET,/api/v2/help_center/articles/{article_id}/attachments/{article_attachment_id},hc,read,record,n/a,
help_center,Article Attachments,GET,/api/v2/help_center/{locale}/articles/{article_id}/attachments,hc,read,record,n/a,
help_center,Article Attachments,GET,/api/v2/help_center/{locale}/articles/{article_id}/attachments/block,hc,read,record,n/a,
help_center,Article Attachments,GET,/api/v2/help_center/{locale}/articles/{article_id}/attachments/inline,hc,read,record,n/a,
help_center,Article Comments,GET,/api/v2/help_center/articles/{article_id}/comments,hc,read,record,n/a,
help_center,Article Comments,POST,/api/v2/help_center/articles/{article_id}/comments,hc,write,record,reversible,
help_center,Article Comments,DELETE,/api/v2/help_center/articles/{article_id}/comments/{comment_id},hc,delete,record,recoverable-with-effort,
help_center,Article Comments,GET,/api/v2/help_center/articles/{article_id}/comments/{comment_id},hc,read,record,n/a,
help_center,Article Comments,PUT,/api/v2/help_center/articles/{article_id}/comments/{comment_id},hc,write,record,reversible,
help_center,Article Comments,GET,/api/v2/help_center/users/{user_id}/comments,hc,read,record,n/a,
help_center,Article Comments,GET,/api/v2/help_center/{locale}/articles/{article_id}/comments,hc,read,record,n/a,
help_center,Article Comments,POST,/api/v2/help_center/{locale}/articles/{article_id}/comments,hc,write,record,reversible,
help_center,Article Comments,DELETE,/api/v2/help_center/{locale}/articles/{article_id}/comments/{comment_id},hc,delete,record,recoverable-with-effort,
help_center,Article Comments,GET,/api/v2/help_center/{locale}/articles/{article_id}/comments/{comment_id},hc,read,record,n/a,
help_center,Article Comments,PUT,/api/v2/help_center/{locale}/articles/{article_id}/comments/{comment_id},hc,write,record,reversible,
help_center,Article Labels,GET,/api/v2/help_center/articles/labels,hc,read,record,n/a,
help_center,Article Labels,DELETE,/api/v2/help_center/articles/labels/{label_id},hc,delete,record,recoverable-with-effort,
help_center,Article Labels,GET,/api/v2/help_center/articles/labels/{label_id},hc,read,record,n/a,
help_center,Article Labels,GET,/api/v2/help_center/articles/{article_id}/labels,hc,read,record,n/a,
help_center,Article Labels,POST,/api/v2/help_center/articles/{article_id}/labels,hc,write,record,reversible,
help_center,Article Labels,DELETE,/api/v2/help_center/articles/{article_id}/labels/{label_id},hc,delete,record,recoverable-with-effort,
help_center,Article Labels,GET,/api/v2/help_center/{locale}/articles/{article_id}/labels,hc,read,record,n/a,
help_center,Article Labels,POST,/api/v2/help_center/{locale}/articles/{article_id}/labels,hc,write,record,reversible,
help_center,Article Labels,DELETE,/api/v2/help_center/{locale}/articles/{article_id}/labels/{label_id},hc,delete,record,recoverable-with-effort,
help_center,Articles,GET,/api/v2/help_center/articles,hc,read,record,n/a,
help_center,Articles,DELETE,/api/v2/help_center/articles/{article_id},hc,delete,record,recoverable-with-effort,
help_center,Articles,GET,/api/v2/help_center/articles/{article_id},hc,read,record,n/a,
help_center,Articles,PUT,/api/v2/help_center/articles/{article_id},hc,write,record,reversible,
help_center,Articles,POST,/api/v2/help_center/articles/{article_id}/bulk_attachments,hc,write,bulk,reversible,
help_center,Articles,PUT,/api/v2/help_center/articles/{article_id}/source_locale,hc,write,record,reversible,
help_center,Articles,GET,/api/v2/help_center/categories/{category_id}/articles,hc,read,record,n/a,
help_center,Articles,GET,/api/v2/help_center/incremental/articles,hc,read,record,n/a,
help_center,Articles,GET,/api/v2/help_center/sections/{section_id}/articles,hc,read,record,n/a,
help_center,Articles,POST,/api/v2/help_center/sections/{section_id}/articles,hc,write,record,reversible,
help_center,Articles,GET,/api/v2/help_center/users/{user_id}/articles,hc,read,record,n/a,
help_center,Articles,GET,/api/v2/help_center/{locale}/articles,hc,read,record,n/a,
help_center,Articles,DELETE,/api/v2/help_center/{locale}/articles/{article_id},hc,delete,record,recoverable-with-effort,
help_center,Articles,GET,/api/v2/help_center/{locale}/articles/{article_id},hc,read,record,n/a,
help_center,Articles,PUT,/api/v2/help_center/{locale}/articles/{article_id},hc,write,record,reversible,
help_center,Articles,POST,/api/v2/help_center/{locale}/articles/{article_id}/bulk_attachments,hc,write,bulk,reversible,
help_center,Articles,PUT,/api/v2/help_center/{locale}/articles/{article_id}/source_locale,hc,write,record,reversible,
help_center,Articles,GET,/api/v2/help_center/{locale}/categories/{category_id}/articles,hc,read,record,n/a,
help_center,Articles,GET,/api/v2/help_center/{locale}/sections/{section_id}/articles,hc,read,record,n/a,
help_center,Articles,POST,/api/v2/help_center/{locale}/sections/{section_id}/articles,hc,write,record,reversible,
help_center,Categories,GET,/api/v2/help_center/categories,hc,read,record,n/a,
help_center,Categories,POST,/api/v2/help_center/categories,hc,write,record,reversible,
help_center,Categories,DELETE,/api/v2/help_center/categories/{category_id},hc,delete,record,recoverable-with-effort,
help_center,Categories,GET,/api/v2/help_center/categories/{category_id},hc,read,record,n/a,
help_center,Categories,PUT,/api/v2/help_center/categories/{category_id},hc,write,record,reversible,
help_center,Categories,PUT,/api/v2/help_center/categories/{category_id}/source_locale,hc,write,record,reversible,
help_center,Categories,GET,/api/v2/help_center/{locale}/categories,hc,read,record,n/a,
help_center,Categories,POST,/api/v2/help_center/{locale}/categories,hc,write,record,reversible,
help_center,Categories,DELETE,/api/v2/help_center/{locale}/categories/{category_id},hc,delete,record,recoverable-with-effort,
help_center,Categories,GET,/api/v2/help_center/{locale}/categories/{category_id},hc,read,record,n/a,
help_center,Categories,PUT,/api/v2/help_center/{locale}/categories/{category_id},hc,write,record,reversible,
help_center,Categories,PUT,/api/v2/help_center/{locale}/categories/{category_id}/source_locale,hc,write,record,reversible,
help_center,Content Subscriptions,GET,/api/v2/community/posts/{post_id}/subscriptions,hc,read,record,n/a,
help_center,Content Subscriptions,POST,/api/v2/community/posts/{post_id}/subscriptions,hc,write,record,reversible,
help_center,Content Subscriptions,DELETE,/api/v2/community/posts/{post_id}/subscriptions/{subscription_id},hc,delete,record,recoverable-with-effort,
help_center,Content Subscriptions,GET,/api/v2/community/posts/{post_id}/subscriptions/{subscription_id},hc,read,record,n/a,
help_center,Content Subscriptions,GET,/api/v2/community/topics/{topic_id}/subscriptions,hc,read,record,n/a,
help_center,Content Subscriptions,POST,/api/v2/community/topics/{topic_id}/subscriptions,hc,write,record,reversible,
help_center,Content Subscriptions,DELETE,/api/v2/community/topics/{topic_id}/subscriptions/{subscription_id},hc,delete,record,recoverable-with-effort,
help_center,Content Subscriptions,GET,/api/v2/community/topics/{topic_id}/subscriptions/{subscription_id},hc,read,record,n/a,
help_center,Content Subscriptions,PUT,/api/v2/community/topics/{topic_id}/subscriptions/{subscription_id},hc,write,record,reversible,
help_center,Content Subscriptions,GET,/api/v2/help_center/articles/{article_id}/subscriptions,hc,read,record,n/a,
help_center,Content Subscriptions,POST,/api/v2/help_center/articles/{article_id}/subscriptions,hc,write,record,reversible,
help_center,Content Subscriptions,DELETE,/api/v2/help_center/articles/{article_id}/subscriptions/{subscription_id},hc,delete,record,recoverable-with-effort,
help_center,Content Subscriptions,GET,/api/v2/help_center/articles/{article_id}/subscriptions/{subscription_id},hc,read,record,n/a,
help_center,Content Subscriptions,GET,/api/v2/help_center/sections/{section_id}/subscriptions,hc,read,record,n/a,
help_center,Content Subscriptions,POST,/api/v2/help_center/sections/{section_id}/subscriptions,hc,write,record,reversible,
help_center,Content Subscriptions,DELETE,/api/v2/help_center/sections/{section_id}/subscriptions/{subscription_id},hc,delete,record,recoverable-with-effort,
help_center,Content Subscriptions,GET,/api/v2/help_center/sections/{section_id}/subscriptions/{subscription_id},hc,read,record,n/a,
help_center,Content Subscriptions,GET,/api/v2/help_center/users/{user_id}/subscriptions,hc,read,record,n/a,
help_center,Content Subscriptions,GET,/api/v2/help_center/{locale}/articles/{article_id}/subscriptions,hc,read,record,n/a,
help_center,Content Subscriptions,POST,/api/v2/help_center/{locale}/articles/{article_id}/subscriptions,hc,write,record,reversible,
help_center,Content Subscriptions,DELETE,/api/v2/help_center/{locale}/articles/{article_id}/subscriptions/{subscription_id},hc,delete,record,recoverable-with-effort,
help_center,Content Subscriptions,GET,/api/v2/help_center/{locale}/articles/{article_id}/subscriptions/{subscription_id},hc,read,record,n/a,
help_center,Content Subscriptions,GET,/api/v2/help_center/{locale}/sections/{section_id}/subscriptions,hc,read,record,n/a,
help_center,Content Subscriptions,POST,/api/v2/help_center/{locale}/sections/{section_id}/subscriptions,hc,write,record,reversible,
help_center,Content Subscriptions,DELETE,/api/v2/help_center/{locale}/sections/{section_id}/subscriptions/{subscription_id},hc,delete,record,recoverable-with-effort,
help_center,Content Subscriptions,GET,/api/v2/help_center/{locale}/sections/{section_id}/subscriptions/{subscription_id},hc,read,record,n/a,
help_center,Help Center Search,GET,/api/v2/guide/search,hc,read,record,n/a,
help_center,Help Center Search,GET,/api/v2/help_center/articles/embeddable_search,hc,read,record,n/a,
help_center,Help Center Search,GET,/api/v2/help_center/articles/search,hc,read,record,n/a,
help_center,Help Center Search,GET,/api/v2/help_center/community_posts/search,hc,read,record,n/a,
help_center,Help Center Search,GET,/api/v2/help_center/deflection/suggestions,hc,read,record,n/a,
help_center,Help Center Search,GET,/hc/api/v2/articles/featured,hc,read,record,n/a,
help_center,Help Center Sessions,GET,/api/v2/help_center/sessions,hc,read,record,n/a,
help_center,Post Comments,GET,/api/v2/community/posts/{post_id}/comments,hc,read,record,n/a,
help_center,Post Comments,POST,/api/v2/community/posts/{post_id}/comments,hc,write,record,reversible,
help_center,Post Comments,DELETE,/api/v2/community/posts/{post_id}/comments/{post_comment_id},hc,delete,record,recoverable-with-effort,
help_center,Post Comments,GET,/api/v2/community/posts/{post_id}/comments/{post_comment_id},hc,read,record,n/a,
help_center,Post Comments,PUT,/api/v2/community/posts/{post_id}/comments/{post_comment_id},hc,write,record,reversible,
help_center,Post Comments,GET,/api/v2/community/users/{user_id}/comments,hc,read,record,n/a,
help_center,Post Comments,GET,/api/v2/help_center/{locale}/community/posts/{post_id}/comments/{post_comment_id},hc,read,record,n/a,
help_center,Posts,GET,/api/v2/community/posts,hc,read,record,n/a,
help_center,Posts,POST,/api/v2/community/posts,hc,write,record,reversible,
help_center,Posts,DELETE,/api/v2/community/posts/{post_id},hc,delete,record,recoverable-with-effort,
help_center,Posts,GET,/api/v2/community/posts/{post_id},hc,read,record,n/a,
help_center,Posts,PUT,/api/v2/community/posts/{post_id},hc,write,record,reversible,
help_center,Posts,GET,/api/v2/community/topics/{topic_id}/posts,hc,read,record,n/a,
help_center,Posts,GET,/api/v2/community/users/{user_id}/posts,hc,read,record,n/a,
help_center,Sections,GET,/api/v2/help_center/categories/{category_id}/sections,hc,read,record,n/a,
help_center,Sections,POST,/api/v2/help_center/categories/{category_id}/sections,hc,write,record,reversible,
help_center,Sections,GET,/api/v2/help_center/sections,hc,read,record,n/a,
help_center,Sections,DELETE,/api/v2/help_center/sections/{section_id},hc,delete,record,recoverable-with-effort,
help_center,Sections,GET,/api/v2/help_center/sections/{section_id},hc,read,record,n/a,
help_center,Sections,PUT,/api/v2/help_center/sections/{section_id},hc,write,record,reversible,
help_center,Sections,PUT,/api/v2/help_center/sections/{section_id}/source_locale,hc,write,record,reversible,
help_center,Sections,GET,/api/v2/help_center/{locale}/categories/{category_id}/sections,hc,read,record,n/a,
help_center,Sections,POST,/api/v2/help_center/{locale}/categories/{category_id}/sections,hc,write,record,reversible,
help_center,Sections,GET,/api/v2/help_center/{locale}/sections,hc,read,record,n/a,
help_center,Sections,DELETE,/api/v2/help_center/{locale}/sections/{section_id},hc,delete,record,recoverable-with-effort,
help_center,Sections,GET,/api/v2/help_center/{locale}/sections/{section_id},hc,read,record,n/a,
help_center,Sections,PUT,/api/v2/help_center/{locale}/sections/{section_id},hc,write,record,reversible,
help_center,Sections,PUT,/api/v2/help_center/{locale}/sections/{section_id}/source_locale,hc,write,record,reversible,
help_center,Service Catalog Items,GET,/api/v2/help_center/service_catalog/items,hc,read,record,n/a,
help_center,Service Catalog Items,GET,/api/v2/help_center/service_catalog/items/search,hc,read,record,n/a,
help_center,Service Catalog Items,GET,/api/v2/help_center/service_catalog/items/{item_id},hc,read,record,n/a,
help_center,Topics,GET,/api/v2/community/topics,hc,read,record,n/a,
help_center,Topics,POST,/api/v2/community/topics,hc,write,record,reversible,
help_center,Topics,DELETE,/api/v2/community/topics/{topic_id},hc,delete,record,recoverable-with-effort,
help_center,Topics,GET,/api/v2/community/topics/{topic_id},hc,read,record,n/a,
help_center,Topics,PUT,/api/v2/community/topics/{topic_id},hc,write,record,reversible,
help_center,Translations,GET,/api/v2/help_center/articles/{article_id}/translations,hc,read,config,n/a,
help_center,Translations,POST,/api/v2/help_center/articles/{article_id}/translations,hc,write,config,reversible,
help_center,Translations,GET,/api/v2/help_center/articles/{article_id}/translations/missing,hc,read,config,n/a,
help_center,Translations,GET,/api/v2/help_center/articles/{article_id}/translations/{locale},hc,read,config,n/a,
help_center,Translations,PUT,/api/v2/help_center/articles/{article_id}/translations/{locale},hc,write,config,reversible,
help_center,Translations,GET,/api/v2/help_center/categories/{category_id}/translations,hc,read,config,n/a,
help_center,Translations,POST,/api/v2/help_center/categories/{category_id}/translations,hc,write,config,reversible,
help_center,Translations,GET,/api/v2/help_center/categories/{category_id}/translations/missing,hc,read,config,n/a,
help_center,Translations,GET,/api/v2/help_center/categories/{category_id}/translations/{locale},hc,read,config,n/a,
help_center,Translations,PUT,/api/v2/help_center/categories/{category_id}/translations/{locale},hc,write,config,reversible,
help_center,Translations,GET,/api/v2/help_center/locales,hc,read,record,n/a,
help_center,Translations,GET,/api/v2/help_center/sections/{section_id}/translations,hc,read,config,n/a,
help_center,Translations,POST,/api/v2/help_center/sections/{section_id}/translations,hc,write,config,reversible,
help_center,Translations,GET,/api/v2/help_center/sections/{section_id}/translations/missing,hc,read,config,n/a,
help_center,Translations,GET,/api/v2/help_center/sections/{section_id}/translations/{locale},hc,read,config,n/a,
help_center,Translations,PUT,/api/v2/help_center/sections/{section_id}/translations/{locale},hc,write,config,reversible,
help_center,Translations,DELETE,/api/v2/help_center/translations/{translation_id},hc,delete,config,recoverable-with-effort,
help_center,User Images,POST,/api/v2/guide/user_images,hc,write,record,reversible,
help_center,User Images,POST,/api/v2/guide/user_images/uploads,hc,write,record,reversible,
help_center,User Segments,GET,/api/v2/help_center/user_segments,hc,read,record,n/a,
help_center,User Segments,POST,/api/v2/help_center/user_segments,hc,write,record,reversible,
help_center,User Segments,GET,/api/v2/help_center/user_segments/applicable,hc,read,record,n/a,
help_center,User Segments,DELETE,/api/v2/help_center/user_segments/{user_segment_id},hc,delete,record,recoverable-with-effort,
help_center,User Segments,GET,/api/v2/help_center/user_segments/{user_segment_id},hc,read,record,n/a,
help_center,User Segments,PUT,/api/v2/help_center/user_segments/{user_segment_id},hc,write,record,reversible,
help_center,User Segments,GET,/api/v2/help_center/user_segments/{user_segment_id}/sections,hc,read,record,n/a,
help_center,User Segments,GET,/api/v2/help_center/user_segments/{user_segment_id}/topics,hc,read,record,n/a,
help_center,User Segments,GET,/api/v2/help_center/users/{user_id}/user_segments,hc,read,record,n/a,
help_center,User Subscriptions,GET,/api/v2/help_center/users/{user_id}/user_subscriptions,hc,read,record,n/a,
help_center,User Subscriptions,POST,/api/v2/help_center/users/{user_id}/user_subscriptions,hc,write,record,reversible,
help_center,User Subscriptions,DELETE,/api/v2/help_center/users/{user_id}/user_subscriptions/{subscription_id},hc,delete,record,recoverable-with-effort,
help_center,Votes,POST,/api/v2/community/posts/{post_id}/comments/{comment_id}/down,hc,write,record,reversible,
help_center,Votes,POST,/api/v2/community/posts/{post_id}/comments/{comment_id}/up,hc,write,record,reversible,
help_center,Votes,GET,/api/v2/community/posts/{post_id}/comments/{comment_id}/votes,hc,read,record,n/a,
help_center,Votes,POST,/api/v2/community/posts/{post_id}/down,hc,write,record,reversible,
help_center,Votes,POST,/api/v2/community/posts/{post_id}/up,hc,write,record,reversible,
help_center,Votes,GET,/api/v2/community/posts/{post_id}/votes,hc,read,record,n/a,
help_center,Votes,POST,/api/v2/help_center/articles/{article_id}/comments/{comment_id}/down,hc,write,record,reversible,
help_center,Votes,POST,/api/v2/help_center/articles/{article_id}/comments/{comment_id}/up,hc,write,record,reversible,
help_center,Votes,GET,/api/v2/help_center/articles/{article_id}/comments/{comment_id}/votes,hc,read,record,n/a,
help_center,Votes,POST,/api/v2/help_center/articles/{article_id}/down,hc,write,record,reversible,
help_center,Votes,POST,/api/v2/help_center/articles/{article_id}/up,hc,write,record,reversible,
help_center,Votes,GET,/api/v2/help_center/articles/{article_id}/votes,hc,read,record,n/a,
help_center,Votes,GET,/api/v2/help_center/users/{user_id}/votes,hc,read,record,n/a,
help_center,Votes,GET,/api/v2/help_center/votes,hc,read,record,n/a,
help_center,Votes,DELETE,/api/v2/help_center/votes/{vote_id},hc,delete,record,recoverable-with-effort,
help_center,Votes,GET,/api/v2/help_center/votes/{vote_id},hc,read,record,n/a,
help_center,Votes,GET,/api/v2/help_center/{locale}/articles/{article_id}/comments/{comment_id}/votes,hc,read,record,n/a,
help_center,Votes,POST,/api/v2/help_center/{locale}/articles/{article_id}/up,hc,write,record,reversible,
help_center,Votes,GET,/api/v2/help_center/{locale}/articles/{article_id}/votes,hc,read,record,n/a,
ticketing,API Tokens,GET,/api/v2/api_tokens,ticket,read,record,n/a,
ticketing,API Tokens,POST,/api/v2/api_tokens,ticket,write,record,reversible,
ticketing,API Tokens,DELETE,/api/v2/api_tokens/{id},ticket,delete,record,recoverable-with-effort,
ticketing,API Tokens,PUT,/api/v2/api_tokens/{id},ticket,write,record,reversible,
ticketing,Account Settings,GET,/api/v2/account/email_settings,ticket,read,record,n/a,
ticketing,Account Settings,PUT,/api/v2/account/email_settings,ticket,write,record,reversible,
ticketing,Account Settings,GET,/api/v2/account/settings,admin,read,config,n/a,
ticketing,Account Settings,PUT,/api/v2/account/settings,admin,write,config,reversible,
ticketing,Activity Stream,GET,/api/v2/activities,ticket,read,record,n/a,
ticketing,Activity Stream,GET,/api/v2/activities/count,ticket,read,record,n/a,
ticketing,Activity Stream,GET,/api/v2/activities/{activity_id},ticket,read,record,n/a,
ticketing,Approval Requests,GET,/api/v2/approval_requests,ticket,read,record,n/a,
ticketing,Approval Requests,POST,/api/v2/approval_requests,ticket,write,record,reversible,
ticketing,Attachments,DELETE,/api/v2/attachments/{attachment_id},ticket,delete,record,recoverable-with-effort,
ticketing,Attachments,GET,/api/v2/attachments/{attachment_id},ticket,read,record,n/a,
ticketing,Attachments,PUT,/api/v2/attachments/{attachment_id},ticket,write,record,reversible,
ticketing,Attachments,PUT,/api/v2/tickets/{ticket_id}/comments/{comment_id}/attachments/{attachment_id}/redact,ticket,write,record,reversible,
ticketing,Attachments,POST,/api/v2/uploads,ticket,write,record,reversible,
ticketing,Attachments,DELETE,/api/v2/uploads/{token},ticket,delete,record,recoverable-with-effort,
ticketing,Audit Logs,GET,/api/v2/audit_logs,ticket,read,record,n/a,
ticketing,Audit Logs,POST,/api/v2/audit_logs/export,ticket,write,record,reversible,
ticketing,Audit Logs,GET,/api/v2/audit_logs/{audit_log_id},ticket,read,record,n/a,
ticketing,Automations,GET,/api/v2/automations,admin,read,config,n/a,
ticketing,Automations,POST,/api/v2/automations,admin,write,config,reversible,
ticketing,Automations,GET,/api/v2/automations/active,admin,read,config,n/a,
ticketing,Automations,DELETE,/api/v2/automations/destroy_many,admin,delete,config,recoverable-with-effort,
ticketing,Automations,GET,/api/v2/automations/search,admin,read,config,n/a,
ticketing,Automations,PUT,/api/v2/automations/update_many,admin,write,config,reversible,
ticketing,Automations,DELETE,/api/v2/automations/{automation_id},admin,delete,config,recoverable-with-effort,
ticketing,Automations,GET,/api/v2/automations/{automation_id},admin,read,config,n/a,
ticketing,Automations,PUT,/api/v2/automations/{automation_id},admin,write,config,reversible,
ticketing,Basics,POST,/api/v2/channels/voice/agents/{agent_id}/tickets/{ticket_id}/display,ticket,write,record,reversible,
ticketing,Basics,POST,/api/v2/channels/voice/agents/{agent_id}/users/{user_id}/display,people,write,record,reversible,
ticketing,Basics,POST,/api/v2/channels/voice/tickets,ticket,write,record,reversible,
ticketing,Bookmarks,GET,/api/v2/bookmarks,ticket,read,record,n/a,
ticketing,Bookmarks,POST,/api/v2/bookmarks,ticket,write,record,reversible,
ticketing,Bookmarks,DELETE,/api/v2/bookmarks/{bookmark_id},ticket,delete,record,recoverable-with-effort,
ticketing,Brand Agents,GET,/api/v2/brand_agents,admin,read,config,n/a,
ticketing,Brand Agents,DELETE,/api/v2/brand_agents/{brand_agent_id},admin,delete,config,recoverable-with-effort,
ticketing,Brand Agents,GET,/api/v2/brand_agents/{brand_agent_id},admin,read,config,n/a,
ticketing,Brand Agents,GET,/api/v2/brands/{brand_id}/agents,admin,read,config,n/a,
ticketing,Brand Agents,GET,/api/v2/users/{user_id}/brand_agents,admin,read,config,n/a,
ticketing,Brand Agents,GET,/api/v2/users/{user_id}/brand_agents/{brand_agent_id},admin,read,config,n/a,
ticketing,Brands,GET,/api/v2/brands,admin,read,config,n/a,
ticketing,Brands,POST,/api/v2/brands,admin,write,config,reversible,
ticketing,Brands,GET,/api/v2/brands/check_host_mapping,admin,read,config,n/a,
ticketing,Brands,DELETE,/api/v2/brands/{brand_id},admin,delete,config,recoverable-with-effort,
ticketing,Brands,GET,/api/v2/brands/{brand_id},admin,read,config,n/a,
ticketing,Brands,PUT,/api/v2/brands/{brand_id},admin,write,config,reversible,
ticketing,Brands,GET,/api/v2/brands/{brand_id}/check_host_mapping,admin,read,config,n/a,
ticketing,Brands,DELETE,/api/v2/brands/{brand_id}/logo,admin,delete,config,recoverable-with-effort,
ticketing,Brands,PUT,/api/v2/brands/{brand_id}/logo,admin,write,config,reversible,
ticketing,Channel Framework,POST,/api/v2/any_channel/channelback/report_error,ticket,write,record,reversible,
ticketing,Channel Framework,POST,/api/v2/any_channel/push,ticket,write,record,reversible,
ticketing,Channel Framework,POST,/api/v2/any_channel/validate_token,ticket,write,record,reversible,
ticketing,Conversation Log,GET,/api/v2/tickets/{ticket_id}/conversation_log,ticket,read,record,n/a,
ticketing,Countries,GET,/api/v2/countries.json,ticket,read,record,n/a,
ticketing,Countries,GET,/api/v2/countries/{id}.json,ticket,read,record,n/a,
ticketing,Custom Object Fields,GET,/api/v2/custom_objects/{custom_object_key}/fields,ticket,read,record,n/a,
ticketing,Custom Object Fields,POST,/api/v2/custom_objects/{custom_object_key}/fields,ticket,write,record,reversible,
ticketing,Custom Object Fields,PUT,/api/v2/custom_objects/{custom_object_key}/fields/reorder,ticket,write,record,reversible,
ticketing,Custom Object Fields,DELETE,/api/v2/custom_objects/{custom_object_key}/fields/{custom_object_field_key_or_id},ticket,delete,record,recoverable-with-effort,
ticketing,Custom Object Fields,GET,/api/v2/custom_objects/{custom_object_key}/fields/{custom_object_field_key_or_id},ticket,read,record,n/a,
ticketing,Custom Object Fields,PATCH,/api/v2/custom_objects/{custom_object_key}/fields/{custom_object_field_key_or_id},ticket,write,record,reversible,
ticketing,Custom Object Fields,GET,/api/v2/custom_objects/{custom_object_key}/limits/field_limit,ticket,read,record,n/a,
ticketing,Custom Object Permissions,GET,/api/v2/custom_objects/{custom_object_key}/access_rules,ticket,read,record,n/a,
ticketing,Custom Object Permissions,POST,/api/v2/custom_objects/{custom_object_key}/access_rules,ticket,write,record,reversible,
ticketing,Custom Object Permissions,GET,/api/v2/custom_objects/{custom_object_key}/access_rules/definitions,ticket,read,record,n/a,
ticketing,Custom Object Permissions,DELETE,/api/v2/custom_objects/{custom_object_key}/access_rules/{id},ticket,delete,record,recoverable-with-effort,
ticketing,Custom Object Permissions,GET,/api/v2/custom_objects/{custom_object_key}/access_rules/{id},ticket,read,record,n/a,
ticketing,Custom Object Permissions,PATCH,/api/v2/custom_objects/{custom_object_key}/access_rules/{id},ticket,write,record,reversible,
ticketing,Custom Object Permissions,GET,/api/v2/custom_objects/{custom_object_key}/permission_policies,admin,read,config,n/a,
ticketing,Custom Object Permissions,GET,/api/v2/custom_objects/{custom_object_key}/permission_policies/{id},admin,read,config,n/a,
ticketing,Custom Object Permissions,PATCH,/api/v2/custom_objects/{custom_object_key}/permission_policies/{id},admin,write,config,reversible,
ticketing,Custom Object Record Attachments,GET,/api/v2/custom_objects/{custom_object_key}/records/{record_id}/attachments,ticket,read,record,n/a,
ticketing,Custom Object Record Attachments,POST,/api/v2/custom_objects/{custom_object_key}/records/{record_id}/attachments,ticket,write,record,reversible,
ticketing,Custom Object Record Attachments,DELETE,/api/v2/custom_objects/{custom_object_key}/records/{record_id}/attachments/{id},ticket,delete,record,recoverable-with-effort,
ticketing,Custom Object Record Attachments,PUT,/api/v2/custom_objects/{custom_object_key}/records/{record_id}/attachments/{id},ticket,write,record,reversible,
ticketing,Custom Object Record Attachments,GET,/api/v2/custom_objects/{custom_object_key}/records/{record_id}/attachments/{id}/download,ticket,read,record,n/a,
ticketing,Custom Object Records,GET,/api/v2/custom_objects/limits/record_limit,ticket,read,record,n/a,
ticketing,Custom Object Records,POST,/api/v2/custom_objects/{custom_object_key}/jobs,ticket,write,record,reversible,
ticketing,Custom Object Records,DELETE,/api/v2/custom_objects/{custom_object_key}/records,ticket,delete,record,recoverable-with-effort,
ticketing,Custom Object Records,GET,/api/v2/custom_objects/{custom_object_key}/records,ticket,read,record,n/a,
ticketing,Custom Object Records,PATCH,/api/v2/custom_objects/{custom_object_key}/records,ticket,write,record,reversible,
ticketing,Custom Object Records,POST,/api/v2/custom_objects/{custom_object_key}/records,ticket,write,record,reversible,
ticketing,Custom Object Records,GET,/api/v2/custom_objects/{custom_object_key}/records/autocomplete,ticket,read,record,n/a,
ticketing,Custom Object Records,GET,/api/v2/custom_objects/{custom_object_key}/records/count,ticket,read,record,n/a,
ticketing,Custom Object Records,GET,/api/v2/custom_objects/{custom_object_key}/records/search,ticket,read,record,n/a,
ticketing,Custom Object Records,POST,/api/v2/custom_objects/{custom_object_key}/records/search,ticket,write,record,reversible,
ticketing,Custom Object Records,DELETE,/api/v2/custom_objects/{custom_object_key}/records/{custom_object_record_id},ticket,delete,record,recoverable-with-effort,
ticketing,Custom Object Records,GET,/api/v2/custom_objects/{custom_object_key}/records/{custom_object_record_id},ticket,read,record,n/a,
ticketing,Custom Object Records,PATCH,/api/v2/custom_objects/{custom_object_key}/records/{custom_object_record_id},ticket,write,record,reversible,
ticketing,Custom Object Records,GET,/api/v2/incremental/custom_objects/{custom_object_key}/cursor,ticket,read,record,n/a,
ticketing,Custom Objects,GET,/api/v2/custom_objects,ticket,read,record,n/a,
ticketing,Custom Objects,POST,/api/v2/custom_objects,ticket,write,record,reversible,
ticketing,Custom Objects,GET,/api/v2/custom_objects/limits/object_limit,ticket,read,record,n/a,
ticketing,Custom Objects,DELETE,/api/v2/custom_objects/{custom_object_key},ticket,delete,record,recoverable-with-effort,
ticketing,Custom Objects,GET,/api/v2/custom_objects/{custom_object_key},ticket,read,record,n/a,
ticketing,Custom Objects,PATCH,/api/v2/custom_objects/{custom_object_key},ticket,write,record,reversible,
ticketing,Custom Roles,GET,/api/v2/custom_roles,admin,read,config,n/a,
ticketing,Custom Roles,POST,/api/v2/custom_roles,admin,write,config,reversible,
ticketing,Custom Roles,DELETE,/api/v2/custom_roles/{custom_role_id},admin,delete,config,recoverable-with-effort,
ticketing,Custom Roles,GET,/api/v2/custom_roles/{custom_role_id},admin,read,config,n/a,
ticketing,Custom Roles,PUT,/api/v2/custom_roles/{custom_role_id},admin,write,config,reversible,
ticketing,Custom Ticket Statuses,PUT,/api/v2/custom_status/default,ticket,write,record,reversible,
ticketing,Custom Ticket Statuses,GET,/api/v2/custom_statuses,ticket,read,record,n/a,
ticketing,Custom Ticket Statuses,POST,/api/v2/custom_statuses,ticket,write,record,reversible,
ticketing,Custom Ticket Statuses,DELETE,/api/v2/custom_statuses/{custom_status_id},ticket,delete,record,recoverable-with-effort,
ticketing,Custom Ticket Statuses,GET,/api/v2/custom_statuses/{custom_status_id},ticket,read,record,n/a,
ticketing,Custom Ticket Statuses,PUT,/api/v2/custom_statuses/{custom_status_id},ticket,write,record,reversible,
ticketing,Custom Ticket Statuses,POST,/api/v2/custom_statuses/{custom_status_id}/ticket_form_statuses,admin,write,config,reversible,
ticketing,Deletion Schedules,GET,/api/v2/deletion_schedules,admin,read,config,n/a,
ticketing,Deletion Schedules,POST,/api/v2/deletion_schedules,admin,write,config,reversible,
ticketing,Deletion Schedules,DELETE,/api/v2/deletion_schedules/{deletion_schedule_id},admin,delete,config,recoverable-with-effort,
ticketing,Deletion Schedules,GET,/api/v2/deletion_schedules/{deletion_schedule_id},admin,read,config,n/a,
ticketing,Deletion Schedules,PUT,/api/v2/deletion_schedules/{deletion_schedule_id},admin,write,config,reversible,
ticketing,Dynamic Content,GET,/api/v2/dynamic_content/items,admin,read,config,n/a,
ticketing,Dynamic Content,POST,/api/v2/dynamic_content/items,admin,write,config,reversible,
ticketing,Dynamic Content,GET,/api/v2/dynamic_content/items/show_many,admin,read,config,n/a,
ticketing,Dynamic Content,DELETE,/api/v2/dynamic_content/items/{dynamic_content_item_id},admin,delete,config,recoverable-with-effort,
ticketing,Dynamic Content,GET,/api/v2/dynamic_content/items/{dynamic_content_item_id},admin,read,config,n/a,
ticketing,Dynamic Content,PUT,/api/v2/dynamic_content/items/{dynamic_content_item_id},admin,write,config,reversible,
ticketing,Dynamic Content Item Variants,GET,/api/v2/dynamic_content/items/{dynamic_content_item_id}/variants,admin,read,config,n/a,
ticketing,Dynamic Content Item Variants,POST,/api/v2/dynamic_content/items/{dynamic_content_item_id}/variants,admin,write,config,reversible,
ticketing,Dynamic Content Item Variants,POST,/api/v2/dynamic_content/items/{dynamic_content_item_id}/variants/create_many,admin,write,config,reversible,
ticketing,Dynamic Content Item Variants,PUT,/api/v2/dynamic_content/items/{dynamic_content_item_id}/variants/update_many,admin,write,config,reversible,
ticketing,Dynamic Content Item Variants,DELETE,/api/v2/dynamic_content/items/{dynamic_content_item_id}/variants/{dynamic_content_variant_id},admin,delete,config,recoverable-with-effort,
ticketing,Dynamic Content Item Variants,GET,/api/v2/dynamic_content/items/{dynamic_content_item_id}/variants/{dynamic_content_variant_id},admin,read,config,n/a,
ticketing,Dynamic Content Item Variants,PUT,/api/v2/dynamic_content/items/{dynamic_content_item_id}/variants/{dynamic_content_variant_id},admin,write,config,reversible,
ticketing,Email Notifications,GET,/api/v2/email_notifications,ticket,read,record,n/a,yes
ticketing,Email Notifications,GET,/api/v2/email_notifications/show_many,ticket,read,bulk,n/a,yes
ticketing,Email Notifications,GET,/api/v2/email_notifications/{notification_id},ticket,read,record,n/a,yes
ticketing,Global Clients,GET,/api/v2/oauth/global_clients,ticket,read,record,n/a,
ticketing,Global Clients,GET,/api/v2/oauth/global_clients/token_summary,ticket,read,record,n/a,
ticketing,Global Clients,GET,/api/v2/oauth/global_clients/{global_client_id},ticket,read,record,n/a,
ticketing,Grant Type Tokens,POST,/oauth/tokens,ticket,write,record,reversible,
ticketing,Group Memberships,GET,/api/v2/group_memberships,people,read,record,n/a,
ticketing,Group Memberships,POST,/api/v2/group_memberships,people,write,record,reversible,
ticketing,Group Memberships,GET,/api/v2/group_memberships/assignable,people,read,record,n/a,
ticketing,Group Memberships,POST,/api/v2/group_memberships/create_many,people,write,bulk,reversible,
ticketing,Group Memberships,DELETE,/api/v2/group_memberships/destroy_many,people,delete,bulk,recoverable-with-effort,
ticketing,Group Memberships,DELETE,/api/v2/group_memberships/{group_membership_id},people,delete,record,recoverable-with-effort,
ticketing,Group Memberships,GET,/api/v2/group_memberships/{group_membership_id},people,read,record,n/a,
ticketing,Group Memberships,GET,/api/v2/groups/{group_id}/memberships,people,read,record,n/a,
ticketing,Group Memberships,GET,/api/v2/groups/{group_id}/memberships/assignable,people,read,record,n/a,
ticketing,Group Memberships,GET,/api/v2/users/{user_id}/group_memberships,people,read,record,n/a,
ticketing,Group Memberships,POST,/api/v2/users/{user_id}/group_memberships,people,write,record,reversible,
ticketing,Group Memberships,DELETE,/api/v2/users/{user_id}/group_memberships/{group_membership_id},people,delete,record,recoverable-with-effort,
ticketing,Group Memberships,GET,/api/v2/users/{user_id}/group_memberships/{group_membership_id},people,read,record,n/a,
ticketing,Group Memberships,PUT,/api/v2/users/{user_id}/group_memberships/{group_membership_id}/make_default,people,write,record,reversible,
ticketing,Group SLA Policies,GET,/api/v2/group_slas/policies,admin,read,config,n/a,
ticketing,Group SLA Policies,POST,/api/v2/group_slas/policies,admin,write,config,reversible,
ticketing,Group SLA Policies,GET,/api/v2/group_slas/policies/definitions,admin,read,config,n/a,
ticketing,Group SLA Policies,PUT,/api/v2/group_slas/policies/reorder,admin,write,config,reversible,
ticketing,Group SLA Policies,DELETE,/api/v2/group_slas/policies/{group_sla_policy_id},admin,delete,config,recoverable-with-effort,
ticketing,Group SLA Policies,GET,/api/v2/group_slas/policies/{group_sla_policy_id},admin,read,config,n/a,
ticketing,Group SLA Policies,PUT,/api/v2/group_slas/policies/{group_sla_policy_id},admin,write,config,reversible,
ticketing,Groups,GET,/api/v2/groups,people,read,record,n/a,
ticketing,Groups,POST,/api/v2/groups,people,write,record,reversible,
ticketing,Groups,GET,/api/v2/groups/assignable,people,read,record,n/a,
ticketing,Groups,GET,/api/v2/groups/autocomplete,people,read,record,n/a,
ticketing,Groups,GET,/api/v2/groups/available_agents,people,read,record,n/a,
ticketing,Groups,GET,/api/v2/groups/count,people,read,record,n/a,
ticketing,Groups,GET,/api/v2/groups/default,people,read,record,n/a,
ticketing,Groups,DELETE,/api/v2/groups/{group_id},people,delete,record,recoverable-with-effort,
ticketing,Groups,GET,/api/v2/groups/{group_id},people,read,record,n/a,
ticketing,Groups,PUT,/api/v2/groups/{group_id},people,write,record,reversible,
ticketing,Groups,GET,/api/v2/users/{user_id}/groups,people,read,record,n/a,
ticketing,Groups,GET,/api/v2/users/{user_id}/groups/count,people,read,record,n/a,
ticketing,ITAM Asset Fields,GET,/api/v2/it_asset_management/asset_types/{asset_type_id}/fields,ticket,read,record,n/a,
ticketing,ITAM Asset Fields,POST,/api/v2/it_asset_management/asset_types/{asset_type_id}/fields,ticket,write,record,reversible,
ticketing,ITAM Asset Fields,DELETE,/api/v2/it_asset_management/asset_types/{asset_type_id}/fields/{asset_type_field_id},ticket,delete,record,recoverable-with-effort,
ticketing,ITAM Asset Fields,GET,/api/v2/it_asset_management/asset_types/{asset_type_id}/fields/{asset_type_field_id},ticket,read,record,n/a,
ticketing,ITAM Asset Fields,PATCH,/api/v2/it_asset_management/asset_types/{asset_type_id}/fields/{asset_type_field_id},ticket,write,record,reversible,
ticketing,ITAM Asset Locations,GET,/api/v2/it_asset_management/locations,ticket,read,record,n/a,
ticketing,ITAM Asset Locations,POST,/api/v2/it_asset_management/locations,ticket,write,record,reversible,
ticketing,ITAM Asset Locations,DELETE,/api/v2/it_asset_management/locations/{location_id},ticket,delete,record,recoverable-with-effort,
ticketing,ITAM Asset Locations,GET,/api/v2/it_asset_management/locations/{location_id},ticket,read,record,n/a,
ticketing,ITAM Asset Locations,PATCH,/api/v2/it_asset_management/locations/{location_id},ticket,write,record,reversible,
ticketing,ITAM Asset Statuses,GET,/api/v2/it_asset_management/statuses,ticket,read,record,n/a,
ticketing,ITAM Asset Statuses,POST,/api/v2/it_asset_management/statuses,ticket,write,record,reversible,
ticketing,ITAM Asset Statuses,DELETE,/api/v2/it_asset_management/statuses/{status_id},ticket,delete,record,recoverable-with-effort,
ticketing,ITAM Asset Statuses,GET,/api/v2/it_asset_management/statuses/{status_id},ticket,read,record,n/a,
ticketing,ITAM Asset Statuses,PATCH,/api/v2/it_asset_management/statuses/{status_id},ticket,write,record,reversible,
ticketing,ITAM Asset Types,GET,/api/v2/it_asset_management/asset_types,ticket,read,record,n/a,
ticketing,ITAM Asset Types,POST,/api/v2/it_asset_management/asset_types,ticket,write,record,reversible,
ticketing,ITAM Asset Types,DELETE,/api/v2/it_asset_management/asset_types/{asset_type_id},ticket,delete,record,recoverable-with-effort,
ticketing,ITAM Asset Types,GET,/api/v2/it_asset_management/asset_types/{asset_type_id},ticket,read,record,n/a,
ticketing,ITAM Asset Types,PATCH,/api/v2/it_asset_management/asset_types/{asset_type_id},ticket,write,record,reversible,
ticketing,ITAM Assets,GET,/api/v2/it_asset_management/assets,ticket,read,record,n/a,
ticketing,ITAM Assets,POST,/api/v2/it_asset_management/assets,ticket,write,record,reversible,
ticketing,ITAM Assets,POST,/api/v2/it_asset_management/assets/jobs,ticket,write,record,reversible,
ticketing,ITAM Assets,GET,/api/v2/it_asset_management/assets/search,ticket,read,record,n/a,
ticketing,ITAM Assets,POST,/api/v2/it_asset_management/assets/search,ticket,write,record,reversible,
ticketing,ITAM Assets,DELETE,/api/v2/it_asset_management/assets/{asset_id},ticket,delete,record,recoverable-with-effort,
ticketing,ITAM Assets,GET,/api/v2/it_asset_management/assets/{asset_id},ticket,read,record,n/a,
ticketing,ITAM Assets,PATCH,/api/v2/it_asset_management/assets/{asset_id},ticket,write,record,reversible,
ticketing,Incremental Export,GET,/api/v2/incremental/organizations,people,read,record,n/a,
ticketing,Incremental Export,GET,/api/v2/incremental/ticket_events,ticket,read,record,n/a,
ticketing,Incremental Export,GET,/api/v2/incremental/tickets,ticket,read,record,n/a,
ticketing,Incremental Export,GET,/api/v2/incremental/tickets/cursor,ticket,read,record,n/a,
ticketing,Incremental Export,GET,/api/v2/incremental/users,people,read,record,n/a,
ticketing,Incremental Export,GET,/api/v2/incremental/users/cursor,people,read,record,n/a,
ticketing,Incremental Export,GET,/api/v2/incremental/{incremental_resource}/sample,ticket,read,record,n/a,
ticketing,Incremental Skill Based Routing,GET,/api/v2/incremental/routing/attribute_values,admin,read,config,n/a,
ticketing,Incremental Skill Based Routing,GET,/api/v2/incremental/routing/attributes,admin,read,config,n/a,
ticketing,Incremental Skill Based Routing,GET,/api/v2/incremental/routing/instance_values,admin,read,config,n/a,
ticketing,Job Statuses,GET,/api/v2/job_statuses,ticket,read,record,n/a,
ticketing,Job Statuses,GET,/api/v2/job_statuses/show_many,ticket,read,bulk,n/a,
ticketing,Job Statuses,GET,/api/v2/job_statuses/{job_status_id},ticket,read,record,n/a,
ticketing,Locales,GET,/api/v2/locales,ticket,read,record,n/a,
ticketing,Locales,GET,/api/v2/locales/agent,ticket,read,record,n/a,
ticketing,Locales,GET,/api/v2/locales/current,ticket,read,record,n/a,
ticketing,Locales,GET,/api/v2/locales/detect_best_locale,ticket,read,record,n/a,
ticketing,Locales,GET,/api/v2/locales/public,ticket,read,record,n/a,
ticketing,Locales,GET,/api/v2/locales/{locale_id},ticket,read,record,n/a,
ticketing,Lookup Relationships,GET,/api/v2/relationships/definitions/{target_type},admin,read,config,n/a,
ticketing,Lookup Relationships,GET,/api/v2/{target_type}/{target_id}/relationship_fields/{field_id}/{source_type},admin,read,config,n/a,
ticketing,Macros,GET,/api/v2/macros,admin,read,config,n/a,
ticketing,Macros,POST,/api/v2/macros,admin,write,config,reversible,
ticketing,Macros,GET,/api/v2/macros/actions,admin,read,config,n/a,
ticketing,Macros,GET,/api/v2/macros/active,admin,read,config,n/a,
ticketing,Macros,POST,/api/v2/macros/attachments,admin,write,config,reversible,
ticketing,Macros,GET,/api/v2/macros/attachments/{attachment_id},admin,read,config,n/a,
ticketing,Macros,GET,/api/v2/macros/attachments/{attachment_id}/content,admin,read,config,n/a,
ticketing,Macros,GET,/api/v2/macros/categories,admin,read,config,n/a,
ticketing,Macros,GET,/api/v2/macros/definitions,admin,read,config,n/a,
ticketing,Macros,DELETE,/api/v2/macros/destroy_many,admin,delete,config,recoverable-with-effort,
ticketing,Macros,GET,/api/v2/macros/groups,admin,read,config,n/a,
ticketing,Macros,GET,/api/v2/macros/most_used,admin,read,config,n/a,
ticketing,Macros,GET,/api/v2/macros/new,admin,read,config,n/a,
ticketing,Macros,GET,/api/v2/macros/search,admin,read,config,n/a,
ticketing,Macros,PUT,/api/v2/macros/update_many,admin,write,config,reversible,
ticketing,Macros,DELETE,/api/v2/macros/{macro_id},admin,delete,config,recoverable-with-effort,
ticketing,Macros,GET,/api/v2/macros/{macro_id},admin,read,config,n/a,
ticketing,Macros,PUT,/api/v2/macros/{macro_id},admin,write,config,reversible,
ticketing,Macros,GET,/api/v2/macros/{macro_id}/apply,admin,read,config,n/a,
ticketing,Macros,GET,/api/v2/macros/{macro_id}/attachments,admin,read,config,n/a,
ticketing,Macros,POST,/api/v2/macros/{macro_id}/attachments,admin,write,config,reversible,
ticketing,Macros,GET,/api/v2/tickets/{ticket_id}/macros/{macro_id}/apply,admin,read,config,n/a,
ticketing,OAuth Clients,GET,/api/v2/oauth/clients,ticket,read,record,n/a,
ticketing,OAuth Clients,POST,/api/v2/oauth/clients,ticket,write,record,reversible,
ticketing,OAuth Clients,DELETE,/api/v2/oauth/clients/{oauth_client_id},ticket,delete,record,recoverable-with-effort,
ticketing,OAuth Clients,GET,/api/v2/oauth/clients/{oauth_client_id},ticket,read,record,n/a,
ticketing,OAuth Clients,PUT,/api/v2/oauth/clients/{oauth_client_id},ticket,write,record,reversible,
ticketing,OAuth Clients,PUT,/api/v2/oauth/clients/{oauth_client_id}/generate_secret,ticket,write,record,reversible,
ticketing,OAuth Clients,GET,/api/v2/users/me/oauth/clients,people,read,record,n/a,
ticketing,OAuth Tokens,GET,/api/v2/oauth/tokens,ticket,read,record,n/a,
ticketing,OAuth Tokens,DELETE,/api/v2/oauth/tokens/current,ticket,delete,record,recoverable-with-effort,
ticketing,OAuth Tokens,GET,/api/v2/oauth/tokens/current,ticket,read,record,n/a,
ticketing,OAuth Tokens,DELETE,/api/v2/oauth/tokens/{oauth_token_id},ticket,delete,record,recoverable-with-effort,
ticketing,OAuth Tokens,GET,/api/v2/oauth/tokens/{oauth_token_id},ticket,read,record,n/a,
ticketing,Object Triggers,GET,/api/v2/custom_objects/{custom_object_key}/triggers,admin,read,config,n/a,
ticketing,Object Triggers,POST,/api/v2/custom_objects/{custom_object_key}/triggers,admin,write,config,reversible,
ticketing,Object Triggers,GET,/api/v2/custom_objects/{custom_object_key}/triggers/active,admin,read,config,n/a,
ticketing,Object Triggers,GET,/api/v2/custom_objects/{custom_object_key}/triggers/definitions,admin,read,config,n/a,
ticketing,Object Triggers,DELETE,/api/v2/custom_objects/{custom_object_key}/triggers/destroy_many,admin,delete,config,recoverable-with-effort,
ticketing,Object Triggers,GET,/api/v2/custom_objects/{custom_object_key}/triggers/search,admin,read,config,n/a,
ticketing,Object Triggers,PUT,/api/v2/custom_objects/{custom_object_key}/triggers/update_many,admin,write,config,reversible,
ticketing,Object Triggers,DELETE,/api/v2/custom_objects/{custom_object_key}/triggers/{trigger_id},admin,delete,config,recoverable-with-effort,
ticketing,Object Triggers,GET,/api/v2/custom_objects/{custom_object_key}/triggers/{trigger_id},admin,read,config,n/a,
ticketing,Object Triggers,PUT,/api/v2/custom_objects/{custom_object_key}/triggers/{trigger_id},admin,write,config,reversible,
ticketing,Omnichannel Routing Queues,GET,/api/v2/queues,ticket,read,record,n/a,
ticketing,Omnichannel Routing Queues,POST,/api/v2/queues,ticket,write,record,reversible,
ticketing,Omnichannel Routing Queues,GET,/api/v2/queues/definitions,ticket,read,record,n/a,
ticketing,Omnichannel Routing Queues,PATCH,/api/v2/queues/order,ticket,write,record,reversible,
ticketing,Omnichannel Routing Queues,DELETE,/api/v2/queues/{queue_id},ticket,delete,record,recoverable-with-effort,
ticketing,Omnichannel Routing Queues,GET,/api/v2/queues/{queue_id},ticket,read,record,n/a,
ticketing,Omnichannel Routing Queues,PUT,/api/v2/queues/{queue_id},ticket,write,record,reversible,
ticketing,Organization Fields,GET,/api/v2/organization_fields,admin,read,config,n/a,
ticketing,Organization Fields,POST,/api/v2/organization_fields,admin,write,config,reversible,
ticketing,Organization Fields,PUT,/api/v2/organization_fields/reorder,admin,write,config,reversible,
ticketing,Organization Fields,DELETE,/api/v2/organization_fields/{organization_field_id},admin,delete,config,recoverable-with-effort,
ticketing,Organization Fields,GET,/api/v2/organization_fields/{organization_field_id},admin,read,config,n/a,
ticketing,Organization Fields,PUT,/api/v2/organization_fields/{organization_field_id},admin,write,config,reversible,
ticketing,Organization Memberships,GET,/api/v2/organization_memberships,people,read,record,n/a,
ticketing,Organization Memberships,POST,/api/v2/organization_memberships,people,write,record,reversible,
ticketing,Organization Memberships,POST,/api/v2/organization_memberships/create_many,people,write,bulk,reversible,
ticketing,Organization Memberships,DELETE,/api/v2/organization_memberships/destroy_many,people,delete,bulk,recoverable-with-effort,
ticketing,Organization Memberships,DELETE,/api/v2/organization_memberships/{organization_membership_id},people,delete,record,recoverable-with-effort,
ticketing,Organization Memberships,GET,/api/v2/organization_memberships/{organization_membership_id},people,read,record,n/a,
ticketing,Organization Memberships,GET,/api/v2/organizations/{organization_id}/organization_memberships,people,read,record,n/a,
ticketing,Organization Memberships,GET,/api/v2/users/{user_id}/organization_memberships,people,read,record,n/a,
ticketing,Organization Memberships,POST,/api/v2/users/{user_id}/organization_memberships,people,write,record,reversible,
ticketing,Organization Memberships,DELETE,/api/v2/users/{user_id}/organization_memberships/{organization_membership_id},people,delete,record,recoverable-with-effort,
ticketing,Organization Memberships,GET,/api/v2/users/{user_id}/organization_memberships/{organization_membership_id},people,read,record,n/a,
ticketing,Organization Memberships,PUT,/api/v2/users/{user_id}/organization_memberships/{organization_membership_id}/make_default,people,write,record,reversible,
ticketing,Organization Memberships,DELETE,/api/v2/users/{user_id}/organizations/{organization_id},people,delete,record,recoverable-with-effort,
ticketing,Organization Memberships,PUT,/api/v2/users/{user_id}/organizations/{organization_id}/make_default,people,write,record,reversible,
ticketing,Organization Subscriptions,GET,/api/v2/organization_subscriptions,ticket,read,record,n/a,
ticketing,Organization Subscriptions,POST,/api/v2/organization_subscriptions,ticket,write,record,reversible,
ticketing,Organization Subscriptions,DELETE,/api/v2/organization_subscriptions/{organization_subscription_id},ticket,delete,record,recoverable-with-effort,
ticketing,Organization Subscriptions,GET,/api/v2/organization_subscriptions/{organization_subscription_id},ticket,read,record,n/a,
ticketing,Organization Subscriptions,GET,/api/v2/organizations/{organization_id}/subscriptions,people,read,record,n/a,
ticketing,Organization Subscriptions,GET,/api/v2/users/{user_id}/organization_subscriptions,people,read,record,n/a,
ticketing,Organizations,GET,/api/v2/organization_merges/{organization_merge_id},ticket,read,record,n/a,
ticketing,Organizations,GET,/api/v2/organizations,people,read,record,n/a,
ticketing,Organizations,POST,/api/v2/organizations,people,write,record,reversible,
ticketing,Organizations,GET,/api/v2/organizations/autocomplete,people,read,record,n/a,
ticketing,Organizations,GET,/api/v2/organizations/count,people,read,record,n/a,
ticketing,Organizations,POST,/api/v2/organizations/create_many,people,write,bulk,reversible,
ticketing,Organizations,POST,/api/v2/organizations/create_or_update,people,write,record,reversible,
ticketing,Organizations,DELETE,/api/v2/organizations/destroy_many,people,delete,bulk,recoverable-with-effort,
ticketing,Organizations,GET,/api/v2/organizations/search,people,read,record,n/a,
ticketing,Organizations,GET,/api/v2/organizations/show_many,people,read,bulk,n/a,
ticketing,Organizations,PUT,/api/v2/organizations/update_many,people,write,bulk,reversible,
ticketing,Organizations,DELETE,/api/v2/organizations/{organization_id},people,delete,record,recoverable-with-effort,
ticketing,Organizations,GET,/api/v2/organizations/{organization_id},people,read,record,n/a,
ticketing,Organizations,PUT,/api/v2/organizations/{organization_id},people,write,record,reversible,
ticketing,Organizations,POST,/api/v2/organizations/{organization_id}/merge,people,write,record,irreversible,
ticketing,Organizations,GET,/api/v2/organizations/{organization_id}/merges,people,read,record,n/a,
ticketing,Organizations,GET,/api/v2/organizations/{organization_id}/related,people,read,record,n/a,
ticketing,Organizations,GET,/api/v2/users/{user_id}/organizations,people,read,record,n/a,
ticketing,Organizations,GET,/api/v2/users/{user_id}/organizations/count,people,read,record,n/a,
ticketing,Push Notification Devices,POST,/api/v2/push_notification_devices/destroy_many,ticket,write,bulk,reversible,
ticketing,Remote Authentications,GET,/api/v2/remote_authentications,ticket,read,record,n/a,
ticketing,Requests,GET,/api/v2/organizations/{organization_id}/requests,people,read,record,n/a,yes
ticketing,Requests,GET,/api/v2/requests,ticket,read,record,n/a,yes
ticketing,Requests,POST,/api/v2/requests,ticket,write,record,reversible,yes
ticketing,Requests,GET,/api/v2/requests/ccd,ticket,read,record,n/a,yes
ticketing,Requests,GET,/api/v2/requests/open,ticket,read,record,n/a,yes
ticketing,Requests,GET,/api/v2/requests/search,ticket,read,record,n/a,yes
ticketing,Requests,GET,/api/v2/requests/solved,ticket,read,record,n/a,yes
ticketing,Requests,GET,/api/v2/requests/{request_id},ticket,read,record,n/a,yes
ticketing,Requests,PUT,/api/v2/requests/{request_id},ticket,write,record,reversible,yes
ticketing,Requests,GET,/api/v2/requests/{request_id}/comments,ticket,read,record,n/a,yes
ticketing,Requests,GET,/api/v2/requests/{request_id}/comments/{ticket_comment_id},ticket,read,record,n/a,yes
ticketing,Requests,GET,/api/v2/users/{user_id}/requests,people,read,record,n/a,yes
ticketing,Reseller,POST,/api/v2/accounts,ticket,write,record,reversible,
ticketing,Reseller,GET,/api/v2/accounts/available,ticket,read,record,n/a,
ticketing,Resource Collections,GET,/api/v2/resource_collections,admin,read,config,n/a,
ticketing,Resource Collections,POST,/api/v2/resource_collections,admin,write,config,reversible,
ticketing,Resource Collections,DELETE,/api/v2/resource_collections/{resource_collection_id},admin,delete,config,recoverable-with-effort,
ticketing,Resource Collections,GET,/api/v2/resource_collections/{resource_collection_id},admin,read,config,n/a,
ticketing,Resource Collections,PUT,/api/v2/resource_collections/{resource_collection_id},admin,write,config,reversible,
ticketing,SLA Policies,GET,/api/v2/slas/policies,admin,read,config,n/a,
ticketing,SLA Policies,POST,/api/v2/slas/policies,admin,write,config,reversible,
ticketing,SLA Policies,GET,/api/v2/slas/policies/definitions,admin,read,config,n/a,
ticketing,SLA Policies,PUT,/api/v2/slas/policies/reorder,admin,write,config,reversible,
ticketing,SLA Policies,DELETE,/api/v2/slas/policies/{sla_policy_id},admin,delete,config,recoverable-with-effort,
ticketing,SLA Policies,GET,/api/v2/slas/policies/{sla_policy_id},admin,read,config,n/a,
ticketing,SLA Policies,PUT,/api/v2/slas/policies/{sla_policy_id},admin,write,config,reversible,
ticketing,Satisfaction Ratings,GET,/api/v2/satisfaction_ratings,ticket,read,record,n/a,
ticketing,Satisfaction Ratings,GET,/api/v2/satisfaction_ratings/count,ticket,read,record,n/a,yes
ticketing,Satisfaction Ratings,GET,/api/v2/satisfaction_ratings/{satisfaction_rating_id},ticket,read,record,n/a,yes
ticketing,Satisfaction Ratings,POST,/api/v2/tickets/{ticket_id}/satisfaction_rating,ticket,write,record,reversible,
ticketing,Satisfaction Reasons,GET,/api/v2/satisfaction_reasons,ticket,read,record,n/a,
ticketing,Satisfaction Reasons,GET,/api/v2/satisfaction_reasons/{satisfaction_reason_id},ticket,read,record,n/a,
ticketing,Saved Searches,GET,/api/v2/saved_searches,ticket,read,record,n/a,
ticketing,Saved Searches,POST,/api/v2/saved_searches,ticket,write,record,reversible,
ticketing,Saved Searches,DELETE,/api/v2/saved_searches/{id},ticket,delete,record,recoverable-with-effort,
ticketing,Saved Searches,PUT,/api/v2/saved_searches/{id},ticket,write,record,reversible,
ticketing,Search,GET,/api/v2/search,ticket,read,record,n/a,
ticketing,Search,GET,/api/v2/search/count,ticket,read,record,n/a,
ticketing,Search,GET,/api/v2/search/export,ticket,read,record,n/a,
ticketing,Security Settings,GET,/api/v2/security_settings,ticket,read,record,n/a,
ticketing,Sessions,GET,/api/v2/sessions,ticket,read,record,n/a,
ticketing,Sessions,DELETE,/api/v2/users/me/logout,people,delete,record,recoverable-with-effort,
ticketing,Sessions,GET,/api/v2/users/me/session,people,read,record,n/a,
ticketing,Sessions,GET,/api/v2/users/me/session/renew,people,read,record,n/a,
ticketing,Sessions,DELETE,/api/v2/users/{user_id}/sessions,people,delete,record,recoverable-with-effort,
ticketing,Sessions,GET,/api/v2/users/{user_id}/sessions,people,read,record,n/a,
ticketing,Sessions,DELETE,/api/v2/users/{user_id}/sessions/{session_id},people,delete,record,recoverable-with-effort,
ticketing,Sessions,GET,/api/v2/users/{user_id}/sessions/{session_id},people,read,record,n/a,
ticketing,Sharing Agreements,GET,/api/v2/sharing_agreements,admin,read,config,n/a,
ticketing,Sharing Agreements,POST,/api/v2/sharing_agreements,admin,write,config,reversible,
ticketing,Sharing Agreements,DELETE,/api/v2/sharing_agreements/{sharing_agreement_id},admin,delete,config,recoverable-with-effort,
ticketing,Sharing Agreements,GET,/api/v2/sharing_agreements/{sharing_agreement_id},admin,read,config,n/a,
ticketing,Sharing Agreements,PUT,/api/v2/sharing_agreements/{sharing_agreement_id},admin,write,config,reversible,
ticketing,Skill Based Routing,GET,/api/v2/routing/agents/instance_values,admin,read,config,n/a,
ticketing,Skill Based Routing,POST,/api/v2/routing/agents/instance_values/jobs,admin,write,config,reversible,
ticketing,Skill Based Routing,GET,/api/v2/routing/agents/{user_id}/instance_values,admin,read,config,n/a,
ticketing,Skill Based Routing,POST,/api/v2/routing/agents/{user_id}/instance_values,admin,write,config,reversible,
ticketing,Skill Based Routing,GET,/api/v2/routing/attributes,admin,read,config,n/a,
ticketing,Skill Based Routing,POST,/api/v2/routing/attributes,admin,write,config,reversible,
ticketing,Skill Based Routing,GET,/api/v2/routing/attributes/definitions,admin,read,config,n/a,
ticketing,Skill Based Routing,DELETE,/api/v2/routing/attributes/{attribute_id},admin,delete,config,recoverable-with-effort,
ticketing,Skill Based Routing,GET,/api/v2/routing/attributes/{attribute_id},admin,read,config,n/a,
ticketing,Skill Based Routing,PUT,/api/v2/routing/attributes/{attribute_id},admin,write,config,reversible,
ticketing,Skill Based Routing,GET,/api/v2/routing/attributes/{attribute_id}/values,admin,read,config,n/a,
ticketing,Skill Based Routing,POST,/api/v2/routing/attributes/{attribute_id}/values,admin,write,config,reversible,
ticketing,Skill Based Routing,DELETE,/api/v2/routing/attributes/{attribute_id}/values/{attribute_value_id},admin,delete,config,recoverable-with-effort,
ticketing,Skill Based Routing,GET,/api/v2/routing/attributes/{attribute_id}/values/{attribute_value_id},admin,read,config,n/a,
ticketing,Skill Based Routing,PATCH,/api/v2/routing/attributes/{attribute_id}/values/{attribute_value_id},admin,write,config,reversible,
ticketing,Skill Based Routing,GET,/api/v2/routing/requirements/fulfilled,admin,read,config,n/a,
ticketing,Skill Based Routing,GET,/api/v2/routing/tickets/{ticket_id}/instance_values,admin,read,config,n/a,
ticketing,Skill Based Routing,POST,/api/v2/routing/tickets/{ticket_id}/instance_values,admin,write,config,reversible,
ticketing,Support Addresses,GET,/api/v2/recipient_addresses,ticket,read,record,n/a,
ticketing,Support Addresses,POST,/api/v2/recipient_addresses,ticket,write,record,reversible,
ticketing,Support Addresses,DELETE,/api/v2/recipient_addresses/{support_address_id},ticket,delete,record,recoverable-with-effort,
ticketing,Support Addresses,GET,/api/v2/recipient_addresses/{support_address_id},ticket,read,record,n/a,
ticketing,Support Addresses,PUT,/api/v2/recipient_addresses/{support_address_id},ticket,write,record,reversible,
ticketing,Support Addresses,PUT,/api/v2/recipient_addresses/{support_address_id}/verify,ticket,write,record,reversible,
ticketing,Suspended Tickets,GET,/api/v2/suspended_tickets,ticket,read,record,irreversible,
ticketing,Suspended Tickets,POST,/api/v2/suspended_tickets/attachments,ticket,write,record,irreversible,
ticketing,Suspended Tickets,PUT,/api/v2/suspended_tickets/bulk_recover,ticket,write,bulk,irreversible,
ticketing,Suspended Tickets,DELETE,/api/v2/suspended_tickets/destroy_many,ticket,delete,bulk,irreversible,
ticketing,Suspended Tickets,POST,/api/v2/suspended_tickets/export,ticket,write,record,irreversible,
ticketing,Suspended Tickets,PUT,/api/v2/suspended_tickets/recover_many,ticket,write,bulk,irreversible,
ticketing,Suspended Tickets,DELETE,/api/v2/suspended_tickets/{id},ticket,delete,record,irreversible,
ticketing,Suspended Tickets,GET,/api/v2/suspended_tickets/{id},ticket,read,record,irreversible,
ticketing,Suspended Tickets,PUT,/api/v2/suspended_tickets/{id}/recover,ticket,write,record,irreversible,
ticketing,Tags,GET,/api/v2/autocomplete/tags,ticket,read,record,n/a,
ticketing,Tags,POST,/api/v2/autocomplete/tags,ticket,write,record,reversible,
ticketing,Tags,DELETE,/api/v2/organizations/{organization_id}/tags,people,delete,record,recoverable-with-effort,
ticketing,Tags,GET,/api/v2/organizations/{organization_id}/tags,people,read,record,n/a,
ticketing,Tags,POST,/api/v2/organizations/{organization_id}/tags,people,write,record,reversible,
ticketing,Tags,PUT,/api/v2/organizations/{organization_id}/tags,people,write,record,reversible,
ticketing,Tags,GET,/api/v2/tags,ticket,read,record,n/a,
ticketing,Tags,GET,/api/v2/tags/count,ticket,read,record,n/a,
ticketing,Tags,DELETE,/api/v2/tickets/{ticket_id}/tags,ticket,delete,record,recoverable-with-effort,
ticketing,Tags,GET,/api/v2/tickets/{ticket_id}/tags,ticket,read,record,n/a,
ticketing,Tags,POST,/api/v2/tickets/{ticket_id}/tags,ticket,write,record,reversible,
ticketing,Tags,PUT,/api/v2/tickets/{ticket_id}/tags,ticket,write,record,reversible,
ticketing,Tags,DELETE,/api/v2/users/{user_id}/tags,people,delete,record,recoverable-with-effort,
ticketing,Tags,GET,/api/v2/users/{user_id}/tags,people,read,record,n/a,
ticketing,Tags,POST,/api/v2/users/{user_id}/tags,people,write,record,reversible,
ticketing,Tags,PUT,/api/v2/users/{user_id}/tags,people,write,record,reversible,
ticketing,Target Failures,GET,/api/v2/target_failures,admin,read,config,n/a,
ticketing,Target Failures,GET,/api/v2/target_failures/{target_failure_id},admin,read,config,n/a,
ticketing,Targets,GET,/api/v2/targets,admin,read,config,n/a,
ticketing,Targets,POST,/api/v2/targets,admin,write,config,reversible,
ticketing,Targets,DELETE,/api/v2/targets/{target_id},admin,delete,config,recoverable-with-effort,
ticketing,Targets,GET,/api/v2/targets/{target_id},admin,read,config,n/a,
ticketing,Targets,PUT,/api/v2/targets/{target_id},admin,write,config,reversible,
ticketing,Task List Templates,GET,/api/v2/task_list_templates,ticket,read,record,n/a,
ticketing,Task List Templates,POST,/api/v2/task_list_templates,ticket,write,record,reversible,
ticketing,Task List Templates,DELETE,/api/v2/task_list_templates/{task_list_template_id},ticket,delete,record,recoverable-with-effort,
ticketing,Task List Templates,GET,/api/v2/task_list_templates/{task_list_template_id},ticket,read,record,n/a,
ticketing,Task List Templates,PUT,/api/v2/task_list_templates/{task_list_template_id},ticket,write,record,reversible,
ticketing,Task List Templates,GET,/api/v2/task_list_templates/{task_list_template_id}/tasks,ticket,read,record,n/a,
ticketing,Task Lists,GET,/api/v2/task_lists/{task_list_id},ticket,read,record,n/a,
ticketing,Task Lists,PUT,/api/v2/task_lists/{task_list_id},ticket,write,record,reversible,
ticketing,Task Lists,GET,/api/v2/task_lists/{task_list_id}/task_items,ticket,read,record,n/a,
ticketing,Task Lists,POST,/api/v2/task_lists/{task_list_id}/task_items,ticket,write,record,reversible,
ticketing,Task Lists,DELETE,/api/v2/task_lists/{task_list_id}/task_items/{task_item_id},ticket,delete,record,recoverable-with-effort,
ticketing,Task Lists,GET,/api/v2/task_lists/{task_list_id}/task_items/{task_item_id},ticket,read,record,n/a,
ticketing,Task Lists,PUT,/api/v2/task_lists/{task_list_id}/task_items/{task_item_id},ticket,write,record,reversible,
ticketing,Task Lists,GET,/api/v2/tickets/{ticket_id}/task_lists,ticket,read,record,n/a,
ticketing,Task Lists,POST,/api/v2/tickets/{ticket_id}/task_lists,ticket,write,record,reversible,
ticketing,Ticket Audits,GET,/api/v2/ticket_audits,ticket,read,record,n/a,
ticketing,Ticket Audits,GET,/api/v2/tickets/{ticket_id}/audits,ticket,read,record,n/a,
ticketing,Ticket Audits,GET,/api/v2/tickets/{ticket_id}/audits/count,ticket,read,record,n/a,
ticketing,Ticket Audits,GET,/api/v2/tickets/{ticket_id}/audits/{ticket_audit_id},ticket,read,record,n/a,
ticketing,Ticket Audits,PUT,/api/v2/tickets/{ticket_id}/audits/{ticket_audit_id}/make_private,ticket,write,record,reversible,
ticketing,Ticket Comments,PUT,/api/v2/chat_file_redactions/{ticket_id},ticket,write,record,reversible,
ticketing,Ticket Comments,PUT,/api/v2/chat_redactions/{ticket_id},ticket,write,record,reversible,
ticketing,Ticket Comments,PUT,/api/v2/comment_redactions/{ticket_comment_id},ticket,write,record,reversible,
ticketing,Ticket Comments,GET,/api/v2/tickets/{ticket_id}/comments,ticket,read,record,n/a,
ticketing,Ticket Comments,GET,/api/v2/tickets/{ticket_id}/comments/count,ticket,read,record,n/a,
ticketing,Ticket Comments,PUT,/api/v2/tickets/{ticket_id}/comments/{ticket_comment_id}/make_private,ticket,write,record,reversible,
ticketing,Ticket Comments,PUT,/api/v2/tickets/{ticket_id}/comments/{ticket_comment_id}/redact,ticket,write,record,reversible,
ticketing,Ticket Content Pins,GET,/api/v2/ticket_content_pins,ticket,read,record,n/a,
ticketing,Ticket Content Pins,POST,/api/v2/ticket_content_pins,ticket,write,record,reversible,
ticketing,Ticket Content Pins,DELETE,/api/v2/ticket_content_pins/{content_pin_id},ticket,delete,record,recoverable-with-effort,
ticketing,Ticket Fields,GET,/api/v2/ticket_fields,admin,read,config,n/a,
ticketing,Ticket Fields,POST,/api/v2/ticket_fields,admin,write,config,reversible,
ticketing,Ticket Fields,GET,/api/v2/ticket_fields/count,admin,read,config,n/a,
ticketing,Ticket Fields,PUT,/api/v2/ticket_fields/reorder,admin,write,config,reversible,
ticketing,Ticket Fields,GET,/api/v2/ticket_fields/show_many,admin,read,config,n/a,
ticketing,Ticket Fields,DELETE,/api/v2/ticket_fields/{ticket_field_id},admin,delete,config,recoverable-with-effort,
ticketing,Ticket Fields,GET,/api/v2/ticket_fields/{ticket_field_id},admin,read,config,n/a,
ticketing,Ticket Fields,PUT,/api/v2/ticket_fields/{ticket_field_id},admin,write,config,reversible,
ticketing,Ticket Fields,GET,/api/v2/ticket_fields/{ticket_field_id}/options,admin,read,config,n/a,
ticketing,Ticket Fields,POST,/api/v2/ticket_fields/{ticket_field_id}/options,admin,write,config,reversible,
ticketing,Ticket Fields,DELETE,/api/v2/ticket_fields/{ticket_field_id}/options/{ticket_field_option_id},admin,delete,config,recoverable-with-effort,
ticketing,Ticket Fields,GET,/api/v2/ticket_fields/{ticket_field_id}/options/{ticket_field_option_id},admin,read,config,n/a,
ticketing,Ticket Form Statuses,GET,/api/v2/ticket_form_statuses,admin,read,config,n/a,
ticketing,Ticket Form Statuses,GET,/api/v2/ticket_form_statuses/show_many,admin,read,config,n/a,
ticketing,Ticket Form Statuses,DELETE,/api/v2/ticket_forms/{ticket_form_id}/ticket_form_statuses,admin,delete,config,recoverable-with-effort,
ticketing,Ticket Form Statuses,DELETE,/api/v2/ticket_forms/{ticket_form_id}/ticket_form_statuses/{ticket_form_status_id},admin,delete,config,recoverable-with-effort,
ticketing,Ticket Forms,GET,/api/v2/ticket_forms,admin,read,config,n/a,
ticketing,Ticket Forms,POST,/api/v2/ticket_forms,admin,write,config,reversible,
ticketing,Ticket Forms,PUT,/api/v2/ticket_forms/reorder,admin,write,config,reversible,
ticketing,Ticket Forms,GET,/api/v2/ticket_forms/show_many,admin,read,config,n/a,
ticketing,Ticket Forms,DELETE,/api/v2/ticket_forms/{ticket_form_id},admin,delete,config,recoverable-with-effort,
ticketing,Ticket Forms,GET,/api/v2/ticket_forms/{ticket_form_id},admin,read,config,n/a,
ticketing,Ticket Forms,PUT,/api/v2/ticket_forms/{ticket_form_id},admin,write,config,reversible,
ticketing,Ticket Forms,POST,/api/v2/ticket_forms/{ticket_form_id}/clone,admin,write,config,reversible,
ticketing,Ticket Forms,GET,/api/v2/ticket_forms/{ticket_form_id}/ticket_form_statuses,admin,read,config,n/a,
ticketing,Ticket Forms,POST,/api/v2/ticket_forms/{ticket_form_id}/ticket_form_statuses,admin,write,config,reversible,
ticketing,Ticket Forms,PUT,/api/v2/ticket_forms/{ticket_form_id}/ticket_form_statuses,admin,write,config,reversible,
ticketing,Ticket Forms,PUT,/api/v2/ticket_forms/{ticket_form_id}/ticket_form_statuses/{ticket_form_status_id},admin,write,config,reversible,
ticketing,Ticket Import,POST,/api/v2/imports/tickets,ticket,write,bulk,reversible,
ticketing,Ticket Import,POST,/api/v2/imports/tickets/create_many,ticket,write,bulk,reversible,
ticketing,Ticket Metric Events,GET,/api/v2/incremental/ticket_metric_events,ticket,read,record,n/a,
ticketing,Ticket Metrics,GET,/api/v2/ticket_metrics,ticket,read,record,n/a,
ticketing,Ticket Metrics,GET,/api/v2/ticket_metrics/{ticket_metric_id},ticket,read,record,n/a,
ticketing,Ticket Metrics,GET,/api/v2/tickets/{ticket_id}/metrics,ticket,read,record,n/a,
ticketing,Ticket Skips,GET,/api/v2/skips,ticket,read,record,n/a,
ticketing,Ticket Skips,POST,/api/v2/skips,ticket,write,record,reversible,
ticketing,Ticket Skips,GET,/api/v2/tickets/{ticket_id}/skips,ticket,read,record,n/a,
ticketing,Ticket Skips,GET,/api/v2/users/{user_id}/skips,people,read,record,n/a,
ticketing,Tickets,GET,/api/v2/deleted_tickets,ticket,read,record,n/a,
ticketing,Tickets,DELETE,/api/v2/deleted_tickets/destroy_many,ticket,delete,bulk,irreversible-permanent,
ticketing,Tickets,PUT,/api/v2/deleted_tickets/restore_many,ticket,write,bulk,irreversible-permanent,
ticketing,Tickets,DELETE,/api/v2/deleted_tickets/{ticket_id},ticket,delete,record,irreversible-permanent,
ticketing,Tickets,PUT,/api/v2/deleted_tickets/{ticket_id}/restore,ticket,write,record,irreversible-permanent,
ticketing,Tickets,GET,/api/v2/organizations/{organization_id}/tickets,people,read,record,n/a,
ticketing,Tickets,GET,/api/v2/organizations/{organization_id}/tickets/count,people,read,record,n/a,
ticketing,Tickets,GET,/api/v2/problems,ticket,read,record,n/a,
ticketing,Tickets,POST,/api/v2/problems/autocomplete,ticket,write,record,reversible,
ticketing,Tickets,GET,/api/v2/tickets,ticket,read,record,n/a,
ticketing,Tickets,POST,/api/v2/tickets,ticket,write,record,reversible,
ticketing,Tickets,GET,/api/v2/tickets/count,ticket,read,record,n/a,
ticketing,Tickets,POST,/api/v2/tickets/create_many,ticket,write,bulk,reversible,
ticketing,Tickets,DELETE,/api/v2/tickets/destroy_many,ticket,delete,bulk,recoverable-with-effort,
ticketing,Tickets,PUT,/api/v2/tickets/mark_many_as_spam,ticket,write,bulk,reversible,
ticketing,Tickets,GET,/api/v2/tickets/messaging/conversations/{conversation_id}/ticket,ticket,read,record,n/a,
ticketing,Tickets,GET,/api/v2/tickets/recent,ticket,read,record,n/a,
ticketing,Tickets,GET,/api/v2/tickets/show_many,ticket,read,bulk,n/a,
ticketing,Tickets,PUT,/api/v2/tickets/update_many,ticket,write,bulk,reversible,
ticketing,Tickets,DELETE,/api/v2/tickets/{ticket_id},ticket,delete,record,recoverable-with-effort,
ticketing,Tickets,GET,/api/v2/tickets/{ticket_id},ticket,read,record,n/a,
ticketing,Tickets,PUT,/api/v2/tickets/{ticket_id},ticket,write,record,reversible,
ticketing,Tickets,GET,/api/v2/tickets/{ticket_id}/collaborators,ticket,read,record,n/a,
ticketing,Tickets,GET,/api/v2/tickets/{ticket_id}/email_ccs,ticket,read,record,n/a,
ticketing,Tickets,GET,/api/v2/tickets/{ticket_id}/followers,ticket,read,record,n/a,
ticketing,Tickets,GET,/api/v2/tickets/{ticket_id}/incidents,ticket,read,record,n/a,
ticketing,Tickets,PUT,/api/v2/tickets/{ticket_id}/mark_as_spam,ticket,write,record,irreversible,
ticketing,Tickets,POST,/api/v2/tickets/{ticket_id}/merge,ticket,write,record,irreversible,
ticketing,Tickets,GET,/api/v2/tickets/{ticket_id}/related,ticket,read,record,n/a,
ticketing,Tickets,GET,/api/v2/users/{user_id}/tickets/assigned,people,read,record,n/a,
ticketing,Tickets,GET,/api/v2/users/{user_id}/tickets/assigned/count,people,read,record,n/a,
ticketing,Tickets,GET,/api/v2/users/{user_id}/tickets/ccd,people,read,record,n/a,
ticketing,Tickets,GET,/api/v2/users/{user_id}/tickets/ccd/count,people,read,record,n/a,
ticketing,Tickets,GET,/api/v2/users/{user_id}/tickets/followed,people,read,record,n/a,
ticketing,Tickets,GET,/api/v2/users/{user_id}/tickets/requested,people,read,record,n/a,
ticketing,Trigger Categories,GET,/api/v2/trigger_categories,admin,read,config,n/a,
ticketing,Trigger Categories,POST,/api/v2/trigger_categories,admin,write,config,reversible,
ticketing,Trigger Categories,POST,/api/v2/trigger_categories/jobs,admin,write,config,reversible,
ticketing,Trigger Categories,DELETE,/api/v2/trigger_categories/{trigger_category_id},admin,delete,config,recoverable-with-effort,
ticketing,Trigger Categories,GET,/api/v2/trigger_categories/{trigger_category_id},admin,read,config,n/a,
ticketing,Trigger Categories,PATCH,/api/v2/trigger_categories/{trigger_category_id},admin,write,config,reversible,
ticketing,Triggers,GET,/api/v2/triggers,admin,read,config,n/a,
ticketing,Triggers,POST,/api/v2/triggers,admin,write,config,reversible,
ticketing,Triggers,GET,/api/v2/triggers/active,admin,read,config,n/a,
ticketing,Triggers,GET,/api/v2/triggers/definitions,admin,read,config,n/a,
ticketing,Triggers,DELETE,/api/v2/triggers/destroy_many,admin,delete,config,recoverable-with-effort,
ticketing,Triggers,GET,/api/v2/triggers/limits,admin,read,config,n/a,
ticketing,Triggers,PUT,/api/v2/triggers/reorder,admin,write,config,reversible,
ticketing,Triggers,GET,/api/v2/triggers/search,admin,read,config,n/a,
ticketing,Triggers,PUT,/api/v2/triggers/update_many,admin,write,config,reversible,
ticketing,Triggers,POST,/api/v2/triggers/validate,admin,write,config,reversible,
ticketing,Triggers,DELETE,/api/v2/triggers/{trigger_id},admin,delete,config,recoverable-with-effort,
ticketing,Triggers,GET,/api/v2/triggers/{trigger_id},admin,read,config,n/a,
ticketing,Triggers,PUT,/api/v2/triggers/{trigger_id},admin,write,config,reversible,
ticketing,Triggers,GET,/api/v2/triggers/{trigger_id}/revisions,admin,read,config,n/a,
ticketing,Triggers,GET,/api/v2/triggers/{trigger_id}/revisions/{trigger_revision_id},admin,read,config,n/a,
ticketing,User Fields,GET,/api/v2/user_fields,admin,read,config,n/a,
ticketing,User Fields,POST,/api/v2/user_fields,admin,write,config,reversible,
ticketing,User Fields,PUT,/api/v2/user_fields/reorder,admin,write,config,reversible,
ticketing,User Fields,GET,/api/v2/user_fields/show_many,admin,read,config,n/a,
ticketing,User Fields,DELETE,/api/v2/user_fields/{user_field_id},admin,delete,config,recoverable-with-effort,
ticketing,User Fields,GET,/api/v2/user_fields/{user_field_id},admin,read,config,n/a,
ticketing,User Fields,PUT,/api/v2/user_fields/{user_field_id},admin,write,config,reversible,
ticketing,User Fields,GET,/api/v2/user_fields/{user_field_id}/options,admin,read,config,n/a,
ticketing,User Fields,POST,/api/v2/user_fields/{user_field_id}/options,admin,write,config,reversible,
ticketing,User Fields,DELETE,/api/v2/user_fields/{user_field_id}/options/{user_field_option_id},admin,delete,config,recoverable-with-effort,
ticketing,User Fields,GET,/api/v2/user_fields/{user_field_id}/options/{user_field_option_id},admin,read,config,n/a,
ticketing,User Identities,GET,/api/v2/end_users/{user_id}/identities,people,read,record,n/a,
ticketing,User Identities,POST,/api/v2/end_users/{user_id}/identities,people,write,record,reversible,
ticketing,User Identities,DELETE,/api/v2/end_users/{user_id}/identities/{user_identity_id},people,delete,record,recoverable-with-effort,
ticketing,User Identities,GET,/api/v2/end_users/{user_id}/identities/{user_identity_id},people,read,record,n/a,
ticketing,User Identities,PUT,/api/v2/end_users/{user_id}/identities/{user_identity_id}/make_primary,people,write,record,reversible,
ticketing,User Identities,PUT,/api/v2/end_users/{user_id}/identities/{user_identity_id}/request_verification,people,write,record,reversible,
ticketing,User Identities,GET,/api/v2/users/{user_id}/identities,people,read,record,n/a,
ticketing,User Identities,POST,/api/v2/users/{user_id}/identities,people,write,record,reversible,
ticketing,User Identities,DELETE,/api/v2/users/{user_id}/identities/{user_identity_id},people,delete,record,recoverable-with-effort,
ticketing,User Identities,GET,/api/v2/users/{user_id}/identities/{user_identity_id},people,read,record,n/a,
ticketing,User Identities,PUT,/api/v2/users/{user_id}/identities/{user_identity_id},people,write,record,reversible,
ticketing,User Identities,PUT,/api/v2/users/{user_id}/identities/{user_identity_id}/make_primary,people,write,record,reversible,
ticketing,User Identities,PUT,/api/v2/users/{user_id}/identities/{user_identity_id}/request_verification,people,write,record,reversible,
ticketing,User Identities,PUT,/api/v2/users/{user_id}/identities/{user_identity_id}/verify,people,write,record,reversible,
ticketing,User Passwords,POST,/api/v2/users/{user_id}/password,people,write,record,reversible,
ticketing,User Passwords,PUT,/api/v2/users/{user_id}/password,people,write,record,reversible,
ticketing,User Passwords,GET,/api/v2/users/{user_id}/password/requirements,people,read,record,n/a,
ticketing,Users,GET,/api/v2/deleted_users,ticket,read,record,n/a,
ticketing,Users,GET,/api/v2/deleted_users/count,ticket,read,record,irreversible-permanent,
ticketing,Users,DELETE,/api/v2/deleted_users/{deleted_user_id},ticket,delete,record,irreversible-permanent,
ticketing,Users,GET,/api/v2/deleted_users/{deleted_user_id},ticket,read,record,irreversible-permanent,
ticketing,Users,GET,/api/v2/groups/{group_id}/users,people,read,record,n/a,
ticketing,Users,GET,/api/v2/groups/{group_id}/users/count,people,read,record,n/a,
ticketing,Users,GET,/api/v2/organizations/{organization_id}/users,people,read,record,n/a,
ticketing,Users,GET,/api/v2/organizations/{organization_id}/users/count,people,read,record,n/a,
ticketing,Users,GET,/api/v2/users,people,read,record,n/a,
ticketing,Users,POST,/api/v2/users,people,write,record,reversible,
ticketing,Users,GET,/api/v2/users/autocomplete,people,read,record,n/a,
ticketing,Users,POST,/api/v2/users/autocomplete,people,write,record,reversible,
ticketing,Users,GET,/api/v2/users/count,people,read,record,n/a,
ticketing,Users,POST,/api/v2/users/create_many,people,write,bulk,reversible,
ticketing,Users,POST,/api/v2/users/create_or_update,people,write,record,reversible,
ticketing,Users,POST,/api/v2/users/create_or_update_many,people,write,bulk,reversible,
ticketing,Users,DELETE,/api/v2/users/destroy_many,people,delete,bulk,recoverable-with-effort,
ticketing,Users,POST,/api/v2/users/logout_many,people,write,bulk,reversible,
ticketing,Users,GET,/api/v2/users/me,people,read,record,n/a,
ticketing,Users,GET,/api/v2/users/me/settings,people,read,record,n/a,
ticketing,Users,PUT,/api/v2/users/me/settings,people,write,record,reversible,
ticketing,Users,POST,/api/v2/users/request_create,people,write,record,reversible,
ticketing,Users,GET,/api/v2/users/search,people,read,record,n/a,
ticketing,Users,GET,/api/v2/users/show_many,people,read,bulk,n/a,
ticketing,Users,PUT,/api/v2/users/update_many,people,write,bulk,reversible,
ticketing,Users,DELETE,/api/v2/users/{user_id},people,delete,record,recoverable-with-effort,
ticketing,Users,GET,/api/v2/users/{user_id},people,read,record,n/a,
ticketing,Users,PUT,/api/v2/users/{user_id},people,write,record,reversible,
ticketing,Users,GET,/api/v2/users/{user_id}/compliance_deletion_statuses,people,read,record,n/a,
ticketing,Users,GET,/api/v2/users/{user_id}/entitlements/full,people,read,record,n/a,
ticketing,Users,PUT,/api/v2/users/{user_id}/merge,people,write,record,irreversible,
ticketing,Users,GET,/api/v2/users/{user_id}/related,people,read,record,n/a,
ticketing,Views,GET,/api/v2/views,admin,read,config,n/a,
ticketing,Views,POST,/api/v2/views,admin,write,config,reversible,
ticketing,Views,GET,/api/v2/views/active,admin,read,config,n/a,
ticketing,Views,GET,/api/v2/views/compact,admin,read,config,n/a,
ticketing,Views,GET,/api/v2/views/count,admin,read,config,n/a,
ticketing,Views,GET,/api/v2/views/count_many,admin,read,config,n/a,
ticketing,Views,GET,/api/v2/views/definitions,admin,read,config,n/a,
ticketing,Views,DELETE,/api/v2/views/destroy_many,admin,delete,config,recoverable-with-effort,
ticketing,Views,POST,/api/v2/views/preview,admin,write,config,reversible,
ticketing,Views,POST,/api/v2/views/preview/count,admin,write,config,reversible,
ticketing,Views,GET,/api/v2/views/search,admin,read,config,n/a,
ticketing,Views,GET,/api/v2/views/show_many,admin,read,config,n/a,
ticketing,Views,PUT,/api/v2/views/update_many,admin,write,config,reversible,
ticketing,Views,DELETE,/api/v2/views/{view_id},admin,delete,config,recoverable-with-effort,
ticketing,Views,GET,/api/v2/views/{view_id},admin,read,config,n/a,
ticketing,Views,PUT,/api/v2/views/{view_id},admin,write,config,reversible,
ticketing,Views,GET,/api/v2/views/{view_id}/count,admin,read,config,n/a,
ticketing,Views,GET,/api/v2/views/{view_id}/execute,admin,read,config,n/a,
ticketing,Views,GET,/api/v2/views/{view_id}/export,admin,read,config,n/a,
ticketing,Views,GET,/api/v2/views/{view_id}/tickets,admin,read,config,n/a,
ticketing,Workspaces,GET,/api/v2/workspaces,ticket,read,record,n/a,
ticketing,Workspaces,POST,/api/v2/workspaces,ticket,write,record,reversible,
ticketing,Workspaces,DELETE,/api/v2/workspaces/destroy_many,ticket,delete,bulk,recoverable-with-effort,
ticketing,Workspaces,PUT,/api/v2/workspaces/reorder,ticket,write,record,reversible,
ticketing,Workspaces,DELETE,/api/v2/workspaces/{workspace_id},ticket,delete,record,recoverable-with-effort,
ticketing,Workspaces,GET,/api/v2/workspaces/{workspace_id},ticket,read,record,n/a,
ticketing,Workspaces,PUT,/api/v2/workspaces/{workspace_id},ticket,write,record,reversible,
ticketing,X Channel,GET,/api/v2/channels/twitter/monitored_twitter_handles,ticket,read,record,n/a,
ticketing,X Channel,GET,/api/v2/channels/twitter/monitored_twitter_handles/{monitored_twitter_handle_id},ticket,read,record,n/a,
ticketing,X Channel,POST,/api/v2/channels/twitter/tickets,ticket,write,record,reversible,
ticketing,X Channel,GET,/api/v2/channels/twitter/tickets/{comment_id}/statuses,ticket,read,record,n/a,
